name	location
hCoV-19/SouthAfrica/NICD-R00178/2025	South Africa
hCoV-19/SouthAfrica/NICD-N58822/2024	South Africa
hCoV-19/SouthAfrica/NICD-N58843/2024	South Africa
hCoV-19/Netherlands/NH-RIVM-145312/2025	Netherlands
hCoV-19/SouthAfrica/SigOG_BA32/2024	South Africa
hCoV-19/Germany/NW-RKI-I-1148174/2025	Germany
hCoV-19/SouthAfrica/NICD-R03487/2025	South Africa
hCoV-19/USA/CA-GBW-GKPLAAAA62275/2025	USA
hCoV-19/USA/CA-GBW-GKISBBBG92145/2025	USA
hCoV-19/SouthAfrica/NICD-R04410/2025	South Africa
hCoV-19/SouthAfrica/NICD-R04779/2025	South Africa
hCoV-19/Netherlands/NH-RIVM-145636/2025	Netherlands
hCoV-19/SouthAfrica/NICD-R05291/2025	South Africa
hCoV-19/SouthAfrica/NICD-N58960/2025	South Africa
hCoV-19/Mozambique/INS-PMB0734918/2025	Mozambique
hCoV-19/Australia/WA17182/2025	Australia
hCoV-19/Australia/WA17244/2025	Australia
hCoV-19/Netherlands/ZH-RIVM-145977/2025	Netherlands
hCoV-19/Australia/WA17271/2025	Australia
hCoV-19/Australia/WA17275/2025	Australia
hCoV-19/Australia/WA17286/2025	Australia
hCoV-19/Australia/WA17290/2025	Australia
hCoV-19/Australia/WA17297/2025	Australia
hCoV-19/Australia/NSW-ICPMR-58173/2025	Australia
hCoV-19/Australia/WA17327/2025	Australia
hCoV-19/Australia/WA17337/2025	Australia
hCoV-19/SouthAfrica/NICD-N59342/2025	South Africa
hCoV-19/SouthAfrica/NICD-R08744/2025	South Africa
hCoV-19/Australia/WA17355/2025	Australia
hCoV-19/Australia/WA17357/2025	Australia
hCoV-19/Australia/WA17360/2025	Australia
hCoV-19/Germany/RP-RKI-I-1148924/2025	Germany
hCoV-19/Australia/NSW-ICPMR-58351/2025	Australia
hCoV-19/Australia/WA17364/2025	Australia
hCoV-19/Australia/WA17366/2025	Australia
hCoV-19/Netherlands/NH-RIVM-146838/2025	Netherlands
hCoV-19/Australia/NSW-ICPMR-58418/2025	Australia
hCoV-19/Australia/NSW-ICPMR-58422/2025	Australia
hCoV-19/SouthAfrica/NICD-R08949/2025	South Africa
hCoV-19/SouthAfrica/NICD-R08943/2025	South Africa
hCoV-19/SouthAfrica/NICD-N59445/2025	South Africa
hCoV-19/Australia/WA17372/2025	Australia
hCoV-19/Denmark/DCGC-693039/2025	Denmark
hCoV-19/Australia/WA17375/2025	Australia
hCoV-19/Australia/WA17376/2025	Australia
hCoV-19/Netherlands/ZH-RIVM-146969/2025	Netherlands
hCoV-19/Scotland/CLIMB-CM7YJACS/2025	United Kingdom
hCoV-19/Germany/RP-RKI-I-1149261/2025	Germany
hCoV-19/Germany/NW-RKI-I-1149263/2025	Germany
hCoV-19/Germany/NW-RKI-I-1149273/2025	Germany
hCoV-19/Germany/NW-RKI-I-1149281/2025	Germany
hCoV-19/Australia/WA17380/2025	Australia
hCoV-19/Australia/WA17383/2025	Australia
hCoV-19/Australia/WA17392/2025	Australia
hCoV-19/Australia/WA17391/2025	Australia
hCoV-19/Australia/WA17388/2025	Australia
hCoV-19/Australia/WA17377/2025	Australia
hCoV-19/Australia/WA17398/2025	Australia
hCoV-19/Australia/WA17396/2025	Australia
hCoV-19/Australia/WA17394/2025	Australia
hCoV-19/Netherlands/NH-RIVM-147263/2025	Netherlands
hCoV-19/Australia/NSW-ICPMR-58488/2025	Australia
hCoV-19/Australia/NSW-ICPMR-58513/2025	Australia
hCoV-19/Australia/WA17401/2025	Australia
hCoV-19/Australia/WA17403/2025	Australia
hCoV-19/Germany/RP-RKI-I-1149371/2025	Germany
hCoV-19/Germany/BE-RKI-I-1149383/2025	Germany
hCoV-19/Germany/BE-RKI-I-1149398/2025	Germany
hCoV-19/Germany/NW-RKI-I-1149453/2025	Germany
hCoV-19/Germany/BE-RKI-I-1149456/2025	Germany
hCoV-19/Germany/NW-RKI-I-1149472/2025	Germany
hCoV-19/Germany/NW-RKI-I-1149481/2025	Germany
hCoV-19/Germany/BE-RKI-I-1149493/2025	Germany
hCoV-19/Australia/NSW-ICPMR-58550/2025	Australia
hCoV-19/Australia/NSW-ICPMR-58557/2025	Australia
hCoV-19/Australia/NSW-ICPMR-58599/2025	Australia
hCoV-19/Australia/NSW-ICPMR-58611/2025	Australia
hCoV-19/Germany/SH-RKI-I-1149498/2025	Germany
hCoV-19/Germany/NW-RKI-I-1149559/2025	Germany
hCoV-19/SouthAfrica/NICD-N59487/2025	South Africa
hCoV-19/SouthAfrica/NICD-N59506/2025	South Africa
hCoV-19/SouthAfrica/NICD-N59528/2025	South Africa
hCoV-19/Australia/QLD0x015D0B/2025	Australia
hCoV-19/Australia/QLD0x015D4B/2025	Australia
hCoV-19/Ireland/D-NVRL-GIRL00080396/2025	Ireland
hCoV-19/Ireland/MN-NVRL-GIRL00082063/2025	Ireland
hCoV-19/USA/NY-GBW-GKISBBBI08250/2025	USA
hCoV-19/Australia/SA2532605489/2025	Australia
hCoV-19/Germany/NW-RKI-I-1149578/2025	Germany
hCoV-19/Germany/NW-RKI-I-1149584/2025	Germany
hCoV-19/Germany/NW-RKI-I-1149592/2025	Germany
hCoV-19/Germany/NW-RKI-I-1149597/2025	Germany
hCoV-19/Germany/NW-RKI-I-1149633/2025	Germany
hCoV-19/Germany/NW-RKI-I-1149635/2025	Germany
hCoV-19/Germany/RP-RKI-I-1149650/2025	Germany
hCoV-19/Germany/BW-USAFSAM-S24103/2025	Germany
hCoV-19/Scotland/CLIMB-CM7Y8OSS/2025	United Kingdom
hCoV-19/Netherlands/LI-RIVM-147433/2025	Netherlands
hCoV-19/Netherlands/NB-RIVM-147408/2025	Netherlands
hCoV-19/Netherlands/NH-RIVM-147387/2025	Netherlands
hCoV-19/Netherlands/NH-RIVM-147440/2025	Netherlands
hCoV-19/Australia/QLD0x015D8A/2025	Australia
hCoV-19/Australia/QLD0x015D8C/2025	Australia
hCoV-19/Australia/QLD0x015D9B/2025	Australia
hCoV-19/Australia/QLD0x015DA9/2025	Australia
hCoV-19/England/CLIMB-CM7Y8Z5E/2025	United Kingdom
hCoV-19/Australia/WA17429/2025	Australia
hCoV-19/Germany/NI-RKI-I-1149659/2025	Germany
hCoV-19/Germany/NW-RKI-I-1149690/2025	Germany
hCoV-19/Germany/BE-RKI-I-1149691/2025	Germany
hCoV-19/Germany/BE-RKI-I-1149695/2025	Germany
hCoV-19/Germany/BE-RKI-I-1149713/2025	Germany
hCoV-19/Germany/TH-RKI-I-1149720/2025	Germany
hCoV-19/Germany/NI-RKI-I-1149731/2025	Germany
hCoV-19/Germany/BB-RKI-I-1149740/2025	Germany